idx,wolves,iter,fracA_start,fracX_start,accept_worse,stagnation_limit,keep_ratio,hv,igd_plus,wall
121,30,560,0.45,0.35,0.03,20,0.45,0.0,4.041227,1.061
65,30,420,0.35,0.25,0.03,20,0.45,0.0,4.046636,0.756
2,24,420,0.35,0.25,0.03,20,0.6,0.0,4.060937,0.417
10,24,420,0.35,0.35,0.03,20,0.6,0.0,4.060937,0.418
29,24,420,0.45,0.35,0.08,20,0.45,0.0,4.060937,0.421
13,24,420,0.35,0.35,0.08,20,0.45,0.0,4.060937,0.429
5,24,420,0.35,0.25,0.08,20,0.45,0.0,4.060937,0.435
6,24,420,0.35,0.25,0.08,20,0.6,0.0,4.060937,0.435
14,24,420,0.35,0.35,0.08,20,0.6,0.0,4.060937,0.441
21,24,420,0.45,0.25,0.08,20,0.45,0.0,4.060937,0.45
31,24,420,0.45,0.35,0.08,35,0.45,0.0,4.060937,0.501
23,24,420,0.45,0.25,0.08,35,0.45,0.0,4.060937,0.517
49,24,560,0.45,0.25,0.03,20,0.45,0.0,4.060937,0.583
57,24,560,0.45,0.35,0.03,20,0.45,0.0,4.060937,0.609
24,24,420,0.45,0.25,0.08,35,0.6,0.0,4.060937,0.619
61,24,560,0.45,0.35,0.08,20,0.45,0.0,4.060937,0.642
64,24,560,0.45,0.35,0.08,35,0.6,0.0,4.060937,0.642
32,24,420,0.45,0.35,0.08,35,0.6,0.0,4.060937,0.649
73,30,420,0.35,0.35,0.03,20,0.45,0.0,4.060937,0.657
67,30,420,0.35,0.25,0.03,35,0.45,0.0,4.060937,0.662
75,30,420,0.35,0.35,0.03,35,0.45,0.0,4.060937,0.672
53,24,560,0.45,0.25,0.08,20,0.45,0.0,4.060937,0.682
35,24,560,0.35,0.25,0.03,35,0.45,0.0,4.060937,0.69
33,24,560,0.35,0.25,0.03,20,0.45,0.0,4.060937,0.692
76,30,420,0.35,0.35,0.03,35,0.6,0.0,4.060937,0.695
78,30,420,0.35,0.35,0.08,20,0.6,0.0,4.060937,0.7
43,24,560,0.35,0.35,0.03,35,0.45,0.0,4.060937,0.703
70,30,420,0.35,0.25,0.08,20,0.6,0.0,4.060937,0.705
41,24,560,0.35,0.35,0.03,20,0.45,0.0,4.060937,0.715
63,24,560,0.45,0.35,0.08,35,0.45,0.0,4.060937,0.723
62,24,560,0.45,0.35,0.08,20,0.6,0.0,4.060937,0.727
77,30,420,0.35,0.35,0.08,20,0.45,0.0,4.060937,0.728
69,30,420,0.35,0.25,0.08,20,0.45,0.0,4.060937,0.73
74,30,420,0.35,0.35,0.03,20,0.6,0.0,4.060937,0.746
68,30,420,0.35,0.25,0.03,35,0.6,0.0,4.060937,0.748
58,24,560,0.45,0.35,0.03,20,0.6,0.0,4.060937,0.758
39,24,560,0.35,0.25,0.08,35,0.45,0.0,4.060937,0.763
66,30,420,0.35,0.25,0.03,20,0.6,0.0,4.060937,0.763
45,24,560,0.35,0.35,0.08,20,0.45,0.0,4.060937,0.788
89,30,420,0.45,0.35,0.03,20,0.45,0.0,4.060937,0.789
37,24,560,0.35,0.25,0.08,20,0.45,0.0,4.060937,0.79
79,30,420,0.35,0.35,0.08,35,0.45,0.0,4.060937,0.79
50,24,560,0.45,0.25,0.03,20,0.6,0.0,4.060937,0.808
71,30,420,0.35,0.25,0.08,35,0.45,0.0,4.060937,0.812
60,24,560,0.45,0.35,0.03,35,0.6,0.0,4.060937,0.839
81,30,420,0.45,0.25,0.03,20,0.45,0.0,4.060937,0.848
52,24,560,0.45,0.25,0.03,35,0.6,0.0,4.060937,0.851
80,30,420,0.35,0.35,0.08,35,0.6,0.0,4.060937,0.855
47,24,560,0.35,0.35,0.08,35,0.45,0.0,4.060937,0.859
82,30,420,0.45,0.25,0.03,20,0.6,0.0,4.060937,0.86
72,30,420,0.35,0.25,0.08,35,0.6,0.0,4.060937,0.868
85,30,420,0.45,0.25,0.08,20,0.45,0.0,4.060937,0.87
90,30,420,0.45,0.35,0.03,20,0.6,0.0,4.060937,0.876
93,30,420,0.45,0.35,0.08,20,0.45,0.0,4.060937,0.881
91,30,420,0.45,0.35,0.03,35,0.45,0.0,4.060937,0.882
83,30,420,0.45,0.25,0.03,35,0.45,0.0,4.060937,0.923
84,30,420,0.45,0.25,0.03,35,0.6,0.0,4.060937,0.953
92,30,420,0.45,0.35,0.03,35,0.6,0.0,4.060937,0.958
94,30,420,0.45,0.35,0.08,20,0.6,0.0,4.060937,0.968
86,30,420,0.45,0.25,0.08,20,0.6,0.0,4.060937,0.977
87,30,420,0.45,0.25,0.08,35,0.45,0.0,4.060937,0.999
95,30,420,0.45,0.35,0.08,35,0.45,0.0,4.060937,1.009
97,30,560,0.35,0.25,0.03,20,0.45,0.0,4.060937,1.031
105,30,560,0.35,0.35,0.03,20,0.45,0.0,4.060937,1.063
88,30,420,0.45,0.25,0.08,35,0.6,0.0,4.060937,1.064
107,30,560,0.35,0.35,0.03,35,0.45,0.0,4.060937,1.086
96,30,420,0.45,0.35,0.08,35,0.6,0.0,4.060937,1.09
99,30,560,0.35,0.25,0.03,35,0.45,0.0,4.060937,1.106
101,30,560,0.35,0.25,0.08,20,0.45,0.0,4.060937,1.181
109,30,560,0.35,0.35,0.08,20,0.45,0.0,4.060937,1.197
113,30,560,0.45,0.25,0.03,20,0.45,0.0,4.060937,1.236
103,30,560,0.35,0.25,0.08,35,0.45,0.0,4.060937,1.254
108,30,560,0.35,0.35,0.03,35,0.6,0.0,4.060937,1.256
106,30,560,0.35,0.35,0.03,20,0.6,0.0,4.060937,1.281
98,30,560,0.35,0.25,0.03,20,0.6,0.0,4.060937,1.292
100,30,560,0.35,0.25,0.03,35,0.6,0.0,4.060937,1.337
112,30,560,0.35,0.35,0.08,35,0.6,0.0,4.060937,1.339
104,30,560,0.35,0.25,0.08,35,0.6,0.0,4.060937,1.35
110,30,560,0.35,0.35,0.08,20,0.6,0.0,4.060937,1.383
102,30,560,0.35,0.25,0.08,20,0.6,0.0,4.060937,1.385
111,30,560,0.35,0.35,0.08,35,0.45,0.0,4.060937,1.432
125,30,560,0.45,0.35,0.08,20,0.45,0.0,4.060937,1.442
117,30,560,0.45,0.25,0.08,20,0.45,0.0,4.060937,1.448
123,30,560,0.45,0.35,0.03,35,0.45,0.0,4.060937,1.455
115,30,560,0.45,0.25,0.03,35,0.45,0.0,4.060937,1.475
114,30,560,0.45,0.25,0.03,20,0.6,0.0,4.060937,1.485
122,30,560,0.45,0.35,0.03,20,0.6,0.0,4.060937,1.492
116,30,560,0.45,0.25,0.03,35,0.6,0.0,4.060937,1.574
124,30,560,0.45,0.35,0.03,35,0.6,0.0,4.060937,1.652
118,30,560,0.45,0.25,0.08,20,0.6,0.0,4.060937,1.662
119,30,560,0.45,0.25,0.08,35,0.45,0.0,4.060937,1.672
127,30,560,0.45,0.35,0.08,35,0.45,0.0,4.060937,1.715
126,30,560,0.45,0.35,0.08,20,0.6,0.0,4.060937,1.746
120,30,560,0.45,0.25,0.08,35,0.6,0.0,4.060937,1.749
128,30,560,0.45,0.35,0.08,35,0.6,0.0,4.060937,1.847
30,24,420,0.45,0.35,0.08,20,0.6,0.0,4.097611,0.642
17,24,420,0.45,0.25,0.03,20,0.45,0.0,4.142063,0.551
25,24,420,0.45,0.35,0.03,20,0.45,0.0,4.142063,0.559
19,24,420,0.45,0.25,0.03,35,0.45,0.0,4.142063,0.592
27,24,420,0.45,0.35,0.03,35,0.45,0.0,4.142063,0.604
26,24,420,0.45,0.35,0.03,20,0.6,0.0,4.142063,0.624
18,24,420,0.45,0.25,0.03,20,0.6,0.0,4.142063,0.638
22,24,420,0.45,0.25,0.08,20,0.6,0.0,4.142063,0.677
20,24,420,0.45,0.25,0.03,35,0.6,0.0,4.142063,0.679
28,24,420,0.45,0.35,0.03,35,0.6,0.0,4.142063,0.705
51,24,560,0.45,0.25,0.03,35,0.45,0.0,4.142063,1.158
59,24,560,0.45,0.35,0.03,35,0.45,0.0,4.142063,1.205
54,24,560,0.45,0.25,0.08,20,0.6,0.0,4.142063,1.231
56,24,560,0.45,0.25,0.08,35,0.6,0.0,4.142063,1.314
55,24,560,0.45,0.25,0.08,35,0.45,0.0,4.142063,1.365
11,24,420,0.35,0.35,0.03,35,0.45,0.0,29.933027,0.841
7,24,420,0.35,0.25,0.08,35,0.45,0.0,29.933027,0.847
12,24,420,0.35,0.35,0.03,35,0.6,0.0,29.933027,0.862
9,24,420,0.35,0.35,0.03,20,0.45,0.0,29.933027,0.87
8,24,420,0.35,0.25,0.08,35,0.6,0.0,29.933027,0.874
16,24,420,0.35,0.35,0.08,35,0.6,0.0,29.933027,0.877
3,24,420,0.35,0.25,0.03,35,0.45,0.0,29.933027,0.878
1,24,420,0.35,0.25,0.03,20,0.45,0.0,29.933027,0.881
15,24,420,0.35,0.35,0.08,35,0.45,0.0,29.933027,0.896
4,24,420,0.35,0.25,0.03,35,0.6,0.0,29.933027,0.934
34,24,560,0.35,0.25,0.03,20,0.6,0.0,29.933027,1.434
36,24,560,0.35,0.25,0.03,35,0.6,0.0,29.933027,1.458
38,24,560,0.35,0.25,0.08,20,0.6,0.0,29.933027,1.459
40,24,560,0.35,0.25,0.08,35,0.6,0.0,29.933027,1.479
46,24,560,0.35,0.35,0.08,20,0.6,0.0,29.933027,1.515
44,24,560,0.35,0.35,0.03,35,0.6,0.0,29.933027,1.522
48,24,560,0.35,0.35,0.08,35,0.6,0.0,29.933027,1.575
42,24,560,0.35,0.35,0.03,20,0.6,0.0,29.933027,1.599
